sku,name,description
SKU-000000,Product 0,Description for product 0
SKU-000001,Product 1,Description for product 1
SKU-000002,Product 2,Description for product 2
SKU-000003,Product 3,Description for product 3
SKU-000004,Product 4,Description for product 4
SKU-000005,Product 5,Description for product 5
SKU-000006,Product 6,Description for product 6
SKU-000007,Product 7,Description for product 7
SKU-000008,Product 8,Description for product 8
SKU-000009,Product 9,Description for product 9
SKU-000010,Product 10,Description for product 10
SKU-000011,Product 11,Description for product 11
SKU-000012,Product 12,Description for product 12
SKU-000013,Product 13,Description for product 13
SKU-000014,Product 14,Description for product 14
SKU-000015,Product 15,Description for product 15
SKU-000016,Product 16,Description for product 16
SKU-000017,Product 17,Description for product 17
SKU-000018,Product 18,Description for product 18
SKU-000019,Product 19,Description for product 19
SKU-000020,Product 20,Description for product 20
SKU-000021,Product 21,Description for product 21
SKU-000022,Product 22,Description for product 22
SKU-000023,Product 23,Description for product 23
SKU-000024,Product 24,Description for product 24
SKU-000025,Product 25,Description for product 25
SKU-000026,Product 26,Description for product 26
SKU-000027,Product 27,Description for product 27
SKU-000028,Product 28,Description for product 28
SKU-000029,Product 29,Description for product 29
SKU-000030,Product 30,Description for product 30
SKU-000031,Product 31,Description for product 31
SKU-000032,Product 32,Description for product 32
SKU-000033,Product 33,Description for product 33
SKU-000034,Product 34,Description for product 34
SKU-000035,Product 35,Description for product 35
SKU-000036,Product 36,Description for product 36
SKU-000037,Product 37,Description for product 37
SKU-000038,Product 38,Description for product 38
SKU-000039,Product 39,Description for product 39
SKU-000040,Product 40,Description for product 40
SKU-000041,Product 41,Description for product 41
SKU-000042,Product 42,Description for product 42
SKU-000043,Product 43,Description for product 43
SKU-000044,Product 44,Description for product 44
SKU-000045,Product 45,Description for product 45
SKU-000046,Product 46,Description for product 46
SKU-000047,Product 47,Description for product 47
SKU-000048,Product 48,Description for product 48
SKU-000049,Product 49,Description for product 49
SKU-000050,Product 50,Description for product 50
SKU-000051,Product 51,Description for product 51
SKU-000052,Product 52,Description for product 52
SKU-000053,Product 53,Description for product 53
SKU-000054,Product 54,Description for product 54
SKU-000055,Product 55,Description for product 55
SKU-000056,Product 56,Description for product 56
SKU-000057,Product 57,Description for product 57
SKU-000058,Product 58,Description for product 58
SKU-000059,Product 59,Description for product 59
SKU-000060,Product 60,Description for product 60
SKU-000061,Product 61,Description for product 61
SKU-000062,Product 62,Description for product 62
SKU-000063,Product 63,Description for product 63
SKU-000064,Product 64,Description for product 64
SKU-000065,Product 65,Description for product 65
SKU-000066,Product 66,Description for product 66
SKU-000067,Product 67,Description for product 67
SKU-000068,Product 68,Description for product 68
SKU-000069,Product 69,Description for product 69
SKU-000070,Product 70,Description for product 70
SKU-000071,Product 71,Description for product 71
SKU-000072,Product 72,Description for product 72
SKU-000073,Product 73,Description for product 73
SKU-000074,Product 74,Description for product 74
SKU-000075,Product 75,Description for product 75
SKU-000076,Product 76,Description for product 76
SKU-000077,Product 77,Description for product 77
SKU-000078,Product 78,Description for product 78
SKU-000079,Product 79,Description for product 79
SKU-000080,Product 80,Description for product 80
SKU-000081,Product 81,Description for product 81
SKU-000082,Product 82,Description for product 82
SKU-000083,Product 83,Description for product 83
SKU-000084,Product 84,Description for product 84
SKU-000085,Product 85,Description for product 85
SKU-000086,Product 86,Description for product 86
SKU-000087,Product 87,Description for product 87
SKU-000088,Product 88,Description for product 88
SKU-000089,Product 89,Description for product 89
SKU-000090,Product 90,Description for product 90
SKU-000091,Product 91,Description for product 91
SKU-000092,Product 92,Description for product 92
SKU-000093,Product 93,Description for product 93
SKU-000094,Product 94,Description for product 94
SKU-000095,Product 95,Description for product 95
SKU-000096,Product 96,Description for product 96
SKU-000097,Product 97,Description for product 97
SKU-000098,Product 98,Description for product 98
SKU-000099,Product 99,Description for product 99
SKU-000100,Product 100,Description for product 100
SKU-000101,Product 101,Description for product 101
SKU-000102,Product 102,Description for product 102
SKU-000103,Product 103,Description for product 103
SKU-000104,Product 104,Description for product 104
SKU-000105,Product 105,Description for product 105
SKU-000106,Product 106,Description for product 106
SKU-000107,Product 107,Description for product 107
SKU-000108,Product 108,Description for product 108
SKU-000109,Product 109,Description for product 109
SKU-000110,Product 110,Description for product 110
SKU-000111,Product 111,Description for product 111
SKU-000112,Product 112,Description for product 112
SKU-000113,Product 113,Description for product 113
SKU-000114,Product 114,Description for product 114
SKU-000115,Product 115,Description for product 115
SKU-000116,Product 116,Description for product 116
SKU-000117,Product 117,Description for product 117
SKU-000118,Product 118,Description for product 118
SKU-000119,Product 119,Description for product 119
SKU-000120,Product 120,Description for product 120
SKU-000121,Product 121,Description for product 121
SKU-000122,Product 122,Description for product 122
SKU-000123,Product 123,Description for product 123
SKU-000124,Product 124,Description for product 124
SKU-000125,Product 125,Description for product 125
SKU-000126,Product 126,Description for product 126
SKU-000127,Product 127,Description for product 127
SKU-000128,Product 128,Description for product 128
SKU-000129,Product 129,Description for product 129
SKU-000130,Product 130,Description for product 130
SKU-000131,Product 131,Description for product 131
SKU-000132,Product 132,Description for product 132
SKU-000133,Product 133,Description for product 133
SKU-000134,Product 134,Description for product 134
SKU-000135,Product 135,Description for product 135
SKU-000136,Product 136,Description for product 136
SKU-000137,Product 137,Description for product 137
SKU-000138,Product 138,Description for product 138
SKU-000139,Product 139,Description for product 139
SKU-000140,Product 140,Description for product 140
SKU-000141,Product 141,Description for product 141
SKU-000142,Product 142,Description for product 142
SKU-000143,Product 143,Description for product 143
SKU-000144,Product 144,Description for product 144
SKU-000145,Product 145,Description for product 145
SKU-000146,Product 146,Description for product 146
SKU-000147,Product 147,Description for product 147
SKU-000148,Product 148,Description for product 148
SKU-000149,Product 149,Description for product 149
SKU-000150,Product 150,Description for product 150
SKU-000151,Product 151,Description for product 151
SKU-000152,Product 152,Description for product 152
SKU-000153,Product 153,Description for product 153
SKU-000154,Product 154,Description for product 154
SKU-000155,Product 155,Description for product 155
SKU-000156,Product 156,Description for product 156
SKU-000157,Product 157,Description for product 157
SKU-000158,Product 158,Description for product 158
SKU-000159,Product 159,Description for product 159
SKU-000160,Product 160,Description for product 160
SKU-000161,Product 161,Description for product 161
SKU-000162,Product 162,Description for product 162
SKU-000163,Product 163,Description for product 163
SKU-000164,Product 164,Description for product 164
SKU-000165,Product 165,Description for product 165
SKU-000166,Product 166,Description for product 166
SKU-000167,Product 167,Description for product 167
SKU-000168,Product 168,Description for product 168
SKU-000169,Product 169,Description for product 169
SKU-000170,Product 170,Description for product 170
SKU-000171,Product 171,Description for product 171
SKU-000172,Product 172,Description for product 172
SKU-000173,Product 173,Description for product 173
SKU-000174,Product 174,Description for product 174
SKU-000175,Product 175,Description for product 175
SKU-000176,Product 176,Description for product 176
SKU-000177,Product 177,Description for product 177
SKU-000178,Product 178,Description for product 178
SKU-000179,Product 179,Description for product 179
SKU-000180,Product 180,Description for product 180
SKU-000181,Product 181,Description for product 181
SKU-000182,Product 182,Description for product 182
SKU-000183,Product 183,Description for product 183
SKU-000184,Product 184,Description for product 184
SKU-000185,Product 185,Description for product 185
SKU-000186,Product 186,Description for product 186
SKU-000187,Product 187,Description for product 187
SKU-000188,Product 188,Description for product 188
SKU-000189,Product 189,Description for product 189
SKU-000190,Product 190,Description for product 190
SKU-000191,Product 191,Description for product 191
SKU-000192,Product 192,Description for product 192
SKU-000193,Product 193,Description for product 193
SKU-000194,Product 194,Description for product 194
SKU-000195,Product 195,Description for product 195
SKU-000196,Product 196,Description for product 196
SKU-000197,Product 197,Description for product 197
SKU-000198,Product 198,Description for product 198
SKU-000199,Product 199,Description for product 199
SKU-000200,Product 200,Description for product 200
SKU-000201,Product 201,Description for product 201
SKU-000202,Product 202,Description for product 202
SKU-000203,Product 203,Description for product 203
SKU-000204,Product 204,Description for product 204
SKU-000205,Product 205,Description for product 205
SKU-000206,Product 206,Description for product 206
SKU-000207,Product 207,Description for product 207
SKU-000208,Product 208,Description for product 208
SKU-000209,Product 209,Description for product 209
SKU-000210,Product 210,Description for product 210
SKU-000211,Product 211,Description for product 211
SKU-000212,Product 212,Description for product 212
SKU-000213,Product 213,Description for product 213
SKU-000214,Product 214,Description for product 214
SKU-000215,Product 215,Description for product 215
SKU-000216,Product 216,Description for product 216
SKU-000217,Product 217,Description for product 217
SKU-000218,Product 218,Description for product 218
SKU-000219,Product 219,Description for product 219
SKU-000220,Product 220,Description for product 220
SKU-000221,Product 221,Description for product 221
SKU-000222,Product 222,Description for product 222
SKU-000223,Product 223,Description for product 223
SKU-000224,Product 224,Description for product 224
SKU-000225,Product 225,Description for product 225
SKU-000226,Product 226,Description for product 226
SKU-000227,Product 227,Description for product 227
SKU-000228,Product 228,Description for product 228
SKU-000229,Product 229,Description for product 229
SKU-000230,Product 230,Description for product 230
SKU-000231,Product 231,Description for product 231
SKU-000232,Product 232,Description for product 232
SKU-000233,Product 233,Description for product 233
SKU-000234,Product 234,Description for product 234
SKU-000235,Product 235,Description for product 235
SKU-000236,Product 236,Description for product 236
SKU-000237,Product 237,Description for product 237
SKU-000238,Product 238,Description for product 238
SKU-000239,Product 239,Description for product 239
SKU-000240,Product 240,Description for product 240
SKU-000241,Product 241,Description for product 241
SKU-000242,Product 242,Description for product 242
SKU-000243,Product 243,Description for product 243
SKU-000244,Product 244,Description for product 244
SKU-000245,Product 245,Description for product 245
SKU-000246,Product 246,Description for product 246
SKU-000247,Product 247,Description for product 247
SKU-000248,Product 248,Description for product 248
SKU-000249,Product 249,Description for product 249
SKU-000250,Product 250,Description for product 250
SKU-000251,Product 251,Description for product 251
SKU-000252,Product 252,Description for product 252
SKU-000253,Product 253,Description for product 253
SKU-000254,Product 254,Description for product 254
SKU-000255,Product 255,Description for product 255
SKU-000256,Product 256,Description for product 256
SKU-000257,Product 257,Description for product 257
SKU-000258,Product 258,Description for product 258
SKU-000259,Product 259,Description for product 259
SKU-000260,Product 260,Description for product 260
SKU-000261,Product 261,Description for product 261
SKU-000262,Product 262,Description for product 262
SKU-000263,Product 263,Description for product 263
SKU-000264,Product 264,Description for product 264
SKU-000265,Product 265,Description for product 265
SKU-000266,Product 266,Description for product 266
SKU-000267,Product 267,Description for product 267
SKU-000268,Product 268,Description for product 268
SKU-000269,Product 269,Description for product 269
SKU-000270,Product 270,Description for product 270
SKU-000271,Product 271,Description for product 271
SKU-000272,Product 272,Description for product 272
SKU-000273,Product 273,Description for product 273
SKU-000274,Product 274,Description for product 274
SKU-000275,Product 275,Description for product 275
SKU-000276,Product 276,Description for product 276
SKU-000277,Product 277,Description for product 277
SKU-000278,Product 278,Description for product 278
SKU-000279,Product 279,Description for product 279
SKU-000280,Product 280,Description for product 280
SKU-000281,Product 281,Description for product 281
SKU-000282,Product 282,Description for product 282
SKU-000283,Product 283,Description for product 283
SKU-000284,Product 284,Description for product 284
SKU-000285,Product 285,Description for product 285
SKU-000286,Product 286,Description for product 286
SKU-000287,Product 287,Description for product 287
SKU-000288,Product 288,Description for product 288
SKU-000289,Product 289,Description for product 289
SKU-000290,Product 290,Description for product 290
SKU-000291,Product 291,Description for product 291
SKU-000292,Product 292,Description for product 292
SKU-000293,Product 293,Description for product 293
SKU-000294,Product 294,Description for product 294
SKU-000295,Product 295,Description for product 295
SKU-000296,Product 296,Description for product 296
SKU-000297,Product 297,Description for product 297
SKU-000298,Product 298,Description for product 298
SKU-000299,Product 299,Description for product 299
SKU-000300,Product 300,Description for product 300
SKU-000301,Product 301,Description for product 301
SKU-000302,Product 302,Description for product 302
SKU-000303,Product 303,Description for product 303
SKU-000304,Product 304,Description for product 304
SKU-000305,Product 305,Description for product 305
SKU-000306,Product 306,Description for product 306
SKU-000307,Product 307,Description for product 307
SKU-000308,Product 308,Description for product 308
SKU-000309,Product 309,Description for product 309
SKU-000310,Product 310,Description for product 310
SKU-000311,Product 311,Description for product 311
SKU-000312,Product 312,Description for product 312
SKU-000313,Product 313,Description for product 313
SKU-000314,Product 314,Description for product 314
SKU-000315,Product 315,Description for product 315
SKU-000316,Product 316,Description for product 316
SKU-000317,Product 317,Description for product 317
SKU-000318,Product 318,Description for product 318
SKU-000319,Product 319,Description for product 319
SKU-000320,Product 320,Description for product 320
SKU-000321,Product 321,Description for product 321
SKU-000322,Product 322,Description for product 322
SKU-000323,Product 323,Description for product 323
SKU-000324,Product 324,Description for product 324
SKU-000325,Product 325,Description for product 325
SKU-000326,Product 326,Description for product 326
SKU-000327,Product 327,Description for product 327
SKU-000328,Product 328,Description for product 328
SKU-000329,Product 329,Description for product 329
SKU-000330,Product 330,Description for product 330
SKU-000331,Product 331,Description for product 331
SKU-000332,Product 332,Description for product 332
SKU-000333,Product 333,Description for product 333
SKU-000334,Product 334,Description for product 334
SKU-000335,Product 335,Description for product 335
SKU-000336,Product 336,Description for product 336
SKU-000337,Product 337,Description for product 337
SKU-000338,Product 338,Description for product 338
SKU-000339,Product 339,Description for product 339
SKU-000340,Product 340,Description for product 340
SKU-000341,Product 341,Description for product 341
SKU-000342,Product 342,Description for product 342
SKU-000343,Product 343,Description for product 343
SKU-000344,Product 344,Description for product 344
SKU-000345,Product 345,Description for product 345
SKU-000346,Product 346,Description for product 346
SKU-000347,Product 347,Description for product 347
SKU-000348,Product 348,Description for product 348
SKU-000349,Product 349,Description for product 349
SKU-000350,Product 350,Description for product 350
SKU-000351,Product 351,Description for product 351
SKU-000352,Product 352,Description for product 352
SKU-000353,Product 353,Description for product 353
SKU-000354,Product 354,Description for product 354
SKU-000355,Product 355,Description for product 355
SKU-000356,Product 356,Description for product 356
SKU-000357,Product 357,Description for product 357
SKU-000358,Product 358,Description for product 358
SKU-000359,Product 359,Description for product 359
SKU-000360,Product 360,Description for product 360
SKU-000361,Product 361,Description for product 361
SKU-000362,Product 362,Description for product 362
SKU-000363,Product 363,Description for product 363
SKU-000364,Product 364,Description for product 364
SKU-000365,Product 365,Description for product 365
SKU-000366,Product 366,Description for product 366
SKU-000367,Product 367,Description for product 367
SKU-000368,Product 368,Description for product 368
SKU-000369,Product 369,Description for product 369
SKU-000370,Product 370,Description for product 370
SKU-000371,Product 371,Description for product 371
SKU-000372,Product 372,Description for product 372
SKU-000373,Product 373,Description for product 373
SKU-000374,Product 374,Description for product 374
SKU-000375,Product 375,Description for product 375
SKU-000376,Product 376,Description for product 376
SKU-000377,Product 377,Description for product 377
SKU-000378,Product 378,Description for product 378
SKU-000379,Product 379,Description for product 379
SKU-000380,Product 380,Description for product 380
SKU-000381,Product 381,Description for product 381
SKU-000382,Product 382,Description for product 382
SKU-000383,Product 383,Description for product 383
SKU-000384,Product 384,Description for product 384
SKU-000385,Product 385,Description for product 385
SKU-000386,Product 386,Description for product 386
SKU-000387,Product 387,Description for product 387
SKU-000388,Product 388,Description for product 388
SKU-000389,Product 389,Description for product 389
SKU-000390,Product 390,Description for product 390
SKU-000391,Product 391,Description for product 391
SKU-000392,Product 392,Description for product 392
SKU-000393,Product 393,Description for product 393
SKU-000394,Product 394,Description for product 394
SKU-000395,Product 395,Description for product 395
SKU-000396,Product 396,Description for product 396
SKU-000397,Product 397,Description for product 397
SKU-000398,Product 398,Description for product 398
SKU-000399,Product 399,Description for product 399
SKU-000400,Product 400,Description for product 400
SKU-000401,Product 401,Description for product 401
SKU-000402,Product 402,Description for product 402
SKU-000403,Product 403,Description for product 403
SKU-000404,Product 404,Description for product 404
SKU-000405,Product 405,Description for product 405
SKU-000406,Product 406,Description for product 406
SKU-000407,Product 407,Description for product 407
SKU-000408,Product 408,Description for product 408
SKU-000409,Product 409,Description for product 409
SKU-000410,Product 410,Description for product 410
SKU-000411,Product 411,Description for product 411
SKU-000412,Product 412,Description for product 412
SKU-000413,Product 413,Description for product 413
SKU-000414,Product 414,Description for product 414
SKU-000415,Product 415,Description for product 415
SKU-000416,Product 416,Description for product 416
SKU-000417,Product 417,Description for product 417
SKU-000418,Product 418,Description for product 418
SKU-000419,Product 419,Description for product 419
SKU-000420,Product 420,Description for product 420
SKU-000421,Product 421,Description for product 421
SKU-000422,Product 422,Description for product 422
SKU-000423,Product 423,Description for product 423
SKU-000424,Product 424,Description for product 424
SKU-000425,Product 425,Description for product 425
SKU-000426,Product 426,Description for product 426
SKU-000427,Product 427,Description for product 427
SKU-000428,Product 428,Description for product 428
SKU-000429,Product 429,Description for product 429
SKU-000430,Product 430,Description for product 430
SKU-000431,Product 431,Description for product 431
SKU-000432,Product 432,Description for product 432
SKU-000433,Product 433,Description for product 433
SKU-000434,Product 434,Description for product 434
SKU-000435,Product 435,Description for product 435
SKU-000436,Product 436,Description for product 436
SKU-000437,Product 437,Description for product 437
SKU-000438,Product 438,Description for product 438
SKU-000439,Product 439,Description for product 439
SKU-000440,Product 440,Description for product 440
SKU-000441,Product 441,Description for product 441
SKU-000442,Product 442,Description for product 442
SKU-000443,Product 443,Description for product 443
SKU-000444,Product 444,Description for product 444
SKU-000445,Product 445,Description for product 445
SKU-000446,Product 446,Description for product 446
SKU-000447,Product 447,Description for product 447
SKU-000448,Product 448,Description for product 448
SKU-000449,Product 449,Description for product 449
SKU-000450,Product 450,Description for product 450
SKU-000451,Product 451,Description for product 451
SKU-000452,Product 452,Description for product 452
SKU-000453,Product 453,Description for product 453
SKU-000454,Product 454,Description for product 454
SKU-000455,Product 455,Description for product 455
SKU-000456,Product 456,Description for product 456
SKU-000457,Product 457,Description for product 457
SKU-000458,Product 458,Description for product 458
SKU-000459,Product 459,Description for product 459
SKU-000460,Product 460,Description for product 460
SKU-000461,Product 461,Description for product 461
SKU-000462,Product 462,Description for product 462
SKU-000463,Product 463,Description for product 463
SKU-000464,Product 464,Description for product 464
SKU-000465,Product 465,Description for product 465
SKU-000466,Product 466,Description for product 466
SKU-000467,Product 467,Description for product 467
SKU-000468,Product 468,Description for product 468
SKU-000469,Product 469,Description for product 469
SKU-000470,Product 470,Description for product 470
SKU-000471,Product 471,Description for product 471
SKU-000472,Product 472,Description for product 472
SKU-000473,Product 473,Description for product 473
SKU-000474,Product 474,Description for product 474
SKU-000475,Product 475,Description for product 475
SKU-000476,Product 476,Description for product 476
SKU-000477,Product 477,Description for product 477
SKU-000478,Product 478,Description for product 478
SKU-000479,Product 479,Description for product 479
SKU-000480,Product 480,Description for product 480
SKU-000481,Product 481,Description for product 481
SKU-000482,Product 482,Description for product 482
SKU-000483,Product 483,Description for product 483
SKU-000484,Product 484,Description for product 484
SKU-000485,Product 485,Description for product 485
SKU-000486,Product 486,Description for product 486
SKU-000487,Product 487,Description for product 487
SKU-000488,Product 488,Description for product 488
SKU-000489,Product 489,Description for product 489
SKU-000490,Product 490,Description for product 490
SKU-000491,Product 491,Description for product 491
SKU-000492,Product 492,Description for product 492
SKU-000493,Product 493,Description for product 493
SKU-000494,Product 494,Description for product 494
SKU-000495,Product 495,Description for product 495
SKU-000496,Product 496,Description for product 496
SKU-000497,Product 497,Description for product 497
SKU-000498,Product 498,Description for product 498
SKU-000499,Product 499,Description for product 499
SKU-000500,Product 500,Description for product 500
SKU-000501,Product 501,Description for product 501
SKU-000502,Product 502,Description for product 502
SKU-000503,Product 503,Description for product 503
SKU-000504,Product 504,Description for product 504
SKU-000505,Product 505,Description for product 505
SKU-000506,Product 506,Description for product 506
SKU-000507,Product 507,Description for product 507
SKU-000508,Product 508,Description for product 508
SKU-000509,Product 509,Description for product 509
SKU-000510,Product 510,Description for product 510
SKU-000511,Product 511,Description for product 511
SKU-000512,Product 512,Description for product 512
SKU-000513,Product 513,Description for product 513
SKU-000514,Product 514,Description for product 514
SKU-000515,Product 515,Description for product 515
SKU-000516,Product 516,Description for product 516
SKU-000517,Product 517,Description for product 517
SKU-000518,Product 518,Description for product 518
SKU-000519,Product 519,Description for product 519
SKU-000520,Product 520,Description for product 520
SKU-000521,Product 521,Description for product 521
SKU-000522,Product 522,Description for product 522
SKU-000523,Product 523,Description for product 523
SKU-000524,Product 524,Description for product 524
SKU-000525,Product 525,Description for product 525
SKU-000526,Product 526,Description for product 526
SKU-000527,Product 527,Description for product 527
SKU-000528,Product 528,Description for product 528
SKU-000529,Product 529,Description for product 529
SKU-000530,Product 530,Description for product 530
SKU-000531,Product 531,Description for product 531
SKU-000532,Product 532,Description for product 532
SKU-000533,Product 533,Description for product 533
SKU-000534,Product 534,Description for product 534
SKU-000535,Product 535,Description for product 535
SKU-000536,Product 536,Description for product 536
SKU-000537,Product 537,Description for product 537
SKU-000538,Product 538,Description for product 538
SKU-000539,Product 539,Description for product 539
SKU-000540,Product 540,Description for product 540
SKU-000541,Product 541,Description for product 541
SKU-000542,Product 542,Description for product 542
SKU-000543,Product 543,Description for product 543
SKU-000544,Product 544,Description for product 544
SKU-000545,Product 545,Description for product 545
SKU-000546,Product 546,Description for product 546
SKU-000547,Product 547,Description for product 547
SKU-000548,Product 548,Description for product 548
SKU-000549,Product 549,Description for product 549
SKU-000550,Product 550,Description for product 550
SKU-000551,Product 551,Description for product 551
SKU-000552,Product 552,Description for product 552
SKU-000553,Product 553,Description for product 553
SKU-000554,Product 554,Description for product 554
SKU-000555,Product 555,Description for product 555
SKU-000556,Product 556,Description for product 556
SKU-000557,Product 557,Description for product 557
SKU-000558,Product 558,Description for product 558
SKU-000559,Product 559,Description for product 559
SKU-000560,Product 560,Description for product 560
SKU-000561,Product 561,Description for product 561
SKU-000562,Product 562,Description for product 562
SKU-000563,Product 563,Description for product 563
SKU-000564,Product 564,Description for product 564
SKU-000565,Product 565,Description for product 565
SKU-000566,Product 566,Description for product 566
SKU-000567,Product 567,Description for product 567
SKU-000568,Product 568,Description for product 568
SKU-000569,Product 569,Description for product 569
SKU-000570,Product 570,Description for product 570
SKU-000571,Product 571,Description for product 571
SKU-000572,Product 572,Description for product 572
SKU-000573,Product 573,Description for product 573
SKU-000574,Product 574,Description for product 574
SKU-000575,Product 575,Description for product 575
SKU-000576,Product 576,Description for product 576
SKU-000577,Product 577,Description for product 577
SKU-000578,Product 578,Description for product 578
SKU-000579,Product 579,Description for product 579
SKU-000580,Product 580,Description for product 580
SKU-000581,Product 581,Description for product 581
SKU-000582,Product 582,Description for product 582
SKU-000583,Product 583,Description for product 583
SKU-000584,Product 584,Description for product 584
SKU-000585,Product 585,Description for product 585
SKU-000586,Product 586,Description for product 586
SKU-000587,Product 587,Description for product 587
SKU-000588,Product 588,Description for product 588
SKU-000589,Product 589,Description for product 589
SKU-000590,Product 590,Description for product 590
SKU-000591,Product 591,Description for product 591
SKU-000592,Product 592,Description for product 592
SKU-000593,Product 593,Description for product 593
SKU-000594,Product 594,Description for product 594
SKU-000595,Product 595,Description for product 595
SKU-000596,Product 596,Description for product 596
SKU-000597,Product 597,Description for product 597
SKU-000598,Product 598,Description for product 598
SKU-000599,Product 599,Description for product 599
SKU-000600,Product 600,Description for product 600
SKU-000601,Product 601,Description for product 601
SKU-000602,Product 602,Description for product 602
SKU-000603,Product 603,Description for product 603
SKU-000604,Product 604,Description for product 604
SKU-000605,Product 605,Description for product 605
SKU-000606,Product 606,Description for product 606
SKU-000607,Product 607,Description for product 607
SKU-000608,Product 608,Description for product 608
SKU-000609,Product 609,Description for product 609
SKU-000610,Product 610,Description for product 610
SKU-000611,Product 611,Description for product 611
SKU-000612,Product 612,Description for product 612
SKU-000613,Product 613,Description for product 613
SKU-000614,Product 614,Description for product 614
SKU-000615,Product 615,Description for product 615
SKU-000616,Product 616,Description for product 616
SKU-000617,Product 617,Description for product 617
SKU-000618,Product 618,Description for product 618
SKU-000619,Product 619,Description for product 619
SKU-000620,Product 620,Description for product 620
SKU-000621,Product 621,Description for product 621
SKU-000622,Product 622,Description for product 622
SKU-000623,Product 623,Description for product 623
SKU-000624,Product 624,Description for product 624
SKU-000625,Product 625,Description for product 625
SKU-000626,Product 626,Description for product 626
SKU-000627,Product 627,Description for product 627
SKU-000628,Product 628,Description for product 628
SKU-000629,Product 629,Description for product 629
SKU-000630,Product 630,Description for product 630
SKU-000631,Product 631,Description for product 631
SKU-000632,Product 632,Description for product 632
SKU-000633,Product 633,Description for product 633
SKU-000634,Product 634,Description for product 634
SKU-000635,Product 635,Description for product 635
SKU-000636,Product 636,Description for product 636
SKU-000637,Product 637,Description for product 637
SKU-000638,Product 638,Description for product 638
SKU-000639,Product 639,Description for product 639
SKU-000640,Product 640,Description for product 640
SKU-000641,Product 641,Description for product 641
SKU-000642,Product 642,Description for product 642
SKU-000643,Product 643,Description for product 643
SKU-000644,Product 644,Description for product 644
SKU-000645,Product 645,Description for product 645
SKU-000646,Product 646,Description for product 646
SKU-000647,Product 647,Description for product 647
SKU-000648,Product 648,Description for product 648
SKU-000649,Product 649,Description for product 649
SKU-000650,Product 650,Description for product 650
SKU-000651,Product 651,Description for product 651
SKU-000652,Product 652,Description for product 652
SKU-000653,Product 653,Description for product 653
SKU-000654,Product 654,Description for product 654
SKU-000655,Product 655,Description for product 655
SKU-000656,Product 656,Description for product 656
SKU-000657,Product 657,Description for product 657
SKU-000658,Product 658,Description for product 658
SKU-000659,Product 659,Description for product 659
SKU-000660,Product 660,Description for product 660
SKU-000661,Product 661,Description for product 661
SKU-000662,Product 662,Description for product 662
SKU-000663,Product 663,Description for product 663
SKU-000664,Product 664,Description for product 664
SKU-000665,Product 665,Description for product 665
SKU-000666,Product 666,Description for product 666
SKU-000667,Product 667,Description for product 667
SKU-000668,Product 668,Description for product 668
SKU-000669,Product 669,Description for product 669
SKU-000670,Product 670,Description for product 670
SKU-000671,Product 671,Description for product 671
SKU-000672,Product 672,Description for product 672
SKU-000673,Product 673,Description for product 673
SKU-000674,Product 674,Description for product 674
SKU-000675,Product 675,Description for product 675
SKU-000676,Product 676,Description for product 676
SKU-000677,Product 677,Description for product 677
SKU-000678,Product 678,Description for product 678
SKU-000679,Product 679,Description for product 679
SKU-000680,Product 680,Description for product 680
SKU-000681,Product 681,Description for product 681
SKU-000682,Product 682,Description for product 682
SKU-000683,Product 683,Description for product 683
SKU-000684,Product 684,Description for product 684
SKU-000685,Product 685,Description for product 685
SKU-000686,Product 686,Description for product 686
SKU-000687,Product 687,Description for product 687
SKU-000688,Product 688,Description for product 688
SKU-000689,Product 689,Description for product 689
SKU-000690,Product 690,Description for product 690
SKU-000691,Product 691,Description for product 691
SKU-000692,Product 692,Description for product 692
SKU-000693,Product 693,Description for product 693
SKU-000694,Product 694,Description for product 694
SKU-000695,Product 695,Description for product 695
SKU-000696,Product 696,Description for product 696
SKU-000697,Product 697,Description for product 697
SKU-000698,Product 698,Description for product 698
SKU-000699,Product 699,Description for product 699
SKU-000700,Product 700,Description for product 700
SKU-000701,Product 701,Description for product 701
SKU-000702,Product 702,Description for product 702
SKU-000703,Product 703,Description for product 703
SKU-000704,Product 704,Description for product 704
SKU-000705,Product 705,Description for product 705
SKU-000706,Product 706,Description for product 706
SKU-000707,Product 707,Description for product 707
SKU-000708,Product 708,Description for product 708
SKU-000709,Product 709,Description for product 709
SKU-000710,Product 710,Description for product 710
SKU-000711,Product 711,Description for product 711
SKU-000712,Product 712,Description for product 712
SKU-000713,Product 713,Description for product 713
SKU-000714,Product 714,Description for product 714
SKU-000715,Product 715,Description for product 715
SKU-000716,Product 716,Description for product 716
SKU-000717,Product 717,Description for product 717
SKU-000718,Product 718,Description for product 718
SKU-000719,Product 719,Description for product 719
SKU-000720,Product 720,Description for product 720
SKU-000721,Product 721,Description for product 721
SKU-000722,Product 722,Description for product 722
SKU-000723,Product 723,Description for product 723
SKU-000724,Product 724,Description for product 724
SKU-000725,Product 725,Description for product 725
SKU-000726,Product 726,Description for product 726
SKU-000727,Product 727,Description for product 727
SKU-000728,Product 728,Description for product 728
SKU-000729,Product 729,Description for product 729
SKU-000730,Product 730,Description for product 730
SKU-000731,Product 731,Description for product 731
SKU-000732,Product 732,Description for product 732
SKU-000733,Product 733,Description for product 733
SKU-000734,Product 734,Description for product 734
SKU-000735,Product 735,Description for product 735
SKU-000736,Product 736,Description for product 736
SKU-000737,Product 737,Description for product 737
SKU-000738,Product 738,Description for product 738
SKU-000739,Product 739,Description for product 739
SKU-000740,Product 740,Description for product 740
SKU-000741,Product 741,Description for product 741
SKU-000742,Product 742,Description for product 742
SKU-000743,Product 743,Description for product 743
SKU-000744,Product 744,Description for product 744
SKU-000745,Product 745,Description for product 745
SKU-000746,Product 746,Description for product 746
SKU-000747,Product 747,Description for product 747
SKU-000748,Product 748,Description for product 748
SKU-000749,Product 749,Description for product 749
SKU-000750,Product 750,Description for product 750
SKU-000751,Product 751,Description for product 751
SKU-000752,Product 752,Description for product 752
SKU-000753,Product 753,Description for product 753
SKU-000754,Product 754,Description for product 754
SKU-000755,Product 755,Description for product 755
SKU-000756,Product 756,Description for product 756
SKU-000757,Product 757,Description for product 757
SKU-000758,Product 758,Description for product 758
SKU-000759,Product 759,Description for product 759
SKU-000760,Product 760,Description for product 760
SKU-000761,Product 761,Description for product 761
SKU-000762,Product 762,Description for product 762
SKU-000763,Product 763,Description for product 763
SKU-000764,Product 764,Description for product 764
SKU-000765,Product 765,Description for product 765
SKU-000766,Product 766,Description for product 766
SKU-000767,Product 767,Description for product 767
SKU-000768,Product 768,Description for product 768
SKU-000769,Product 769,Description for product 769
SKU-000770,Product 770,Description for product 770
SKU-000771,Product 771,Description for product 771
SKU-000772,Product 772,Description for product 772
SKU-000773,Product 773,Description for product 773
SKU-000774,Product 774,Description for product 774
SKU-000775,Product 775,Description for product 775
SKU-000776,Product 776,Description for product 776
SKU-000777,Product 777,Description for product 777
SKU-000778,Product 778,Description for product 778
SKU-000779,Product 779,Description for product 779
SKU-000780,Product 780,Description for product 780
SKU-000781,Product 781,Description for product 781
SKU-000782,Product 782,Description for product 782
SKU-000783,Product 783,Description for product 783
SKU-000784,Product 784,Description for product 784
SKU-000785,Product 785,Description for product 785
SKU-000786,Product 786,Description for product 786
SKU-000787,Product 787,Description for product 787
SKU-000788,Product 788,Description for product 788
SKU-000789,Product 789,Description for product 789
SKU-000790,Product 790,Description for product 790
SKU-000791,Product 791,Description for product 791
SKU-000792,Product 792,Description for product 792
SKU-000793,Product 793,Description for product 793
SKU-000794,Product 794,Description for product 794
SKU-000795,Product 795,Description for product 795
SKU-000796,Product 796,Description for product 796
SKU-000797,Product 797,Description for product 797
SKU-000798,Product 798,Description for product 798
SKU-000799,Product 799,Description for product 799
SKU-000800,Product 800,Description for product 800
SKU-000801,Product 801,Description for product 801
SKU-000802,Product 802,Description for product 802
SKU-000803,Product 803,Description for product 803
SKU-000804,Product 804,Description for product 804
SKU-000805,Product 805,Description for product 805
SKU-000806,Product 806,Description for product 806
SKU-000807,Product 807,Description for product 807
SKU-000808,Product 808,Description for product 808
SKU-000809,Product 809,Description for product 809
SKU-000810,Product 810,Description for product 810
SKU-000811,Product 811,Description for product 811
SKU-000812,Product 812,Description for product 812
SKU-000813,Product 813,Description for product 813
SKU-000814,Product 814,Description for product 814
SKU-000815,Product 815,Description for product 815
SKU-000816,Product 816,Description for product 816
SKU-000817,Product 817,Description for product 817
SKU-000818,Product 818,Description for product 818
SKU-000819,Product 819,Description for product 819
SKU-000820,Product 820,Description for product 820
SKU-000821,Product 821,Description for product 821
SKU-000822,Product 822,Description for product 822
SKU-000823,Product 823,Description for product 823
SKU-000824,Product 824,Description for product 824
SKU-000825,Product 825,Description for product 825
SKU-000826,Product 826,Description for product 826
SKU-000827,Product 827,Description for product 827
SKU-000828,Product 828,Description for product 828
SKU-000829,Product 829,Description for product 829
SKU-000830,Product 830,Description for product 830
SKU-000831,Product 831,Description for product 831
SKU-000832,Product 832,Description for product 832
SKU-000833,Product 833,Description for product 833
SKU-000834,Product 834,Description for product 834
SKU-000835,Product 835,Description for product 835
SKU-000836,Product 836,Description for product 836
SKU-000837,Product 837,Description for product 837
SKU-000838,Product 838,Description for product 838
SKU-000839,Product 839,Description for product 839
SKU-000840,Product 840,Description for product 840
SKU-000841,Product 841,Description for product 841
SKU-000842,Product 842,Description for product 842
SKU-000843,Product 843,Description for product 843
SKU-000844,Product 844,Description for product 844
SKU-000845,Product 845,Description for product 845
SKU-000846,Product 846,Description for product 846
SKU-000847,Product 847,Description for product 847
SKU-000848,Product 848,Description for product 848
SKU-000849,Product 849,Description for product 849
SKU-000850,Product 850,Description for product 850
SKU-000851,Product 851,Description for product 851
SKU-000852,Product 852,Description for product 852
SKU-000853,Product 853,Description for product 853
SKU-000854,Product 854,Description for product 854
SKU-000855,Product 855,Description for product 855
SKU-000856,Product 856,Description for product 856
SKU-000857,Product 857,Description for product 857
SKU-000858,Product 858,Description for product 858
SKU-000859,Product 859,Description for product 859
SKU-000860,Product 860,Description for product 860
SKU-000861,Product 861,Description for product 861
SKU-000862,Product 862,Description for product 862
SKU-000863,Product 863,Description for product 863
SKU-000864,Product 864,Description for product 864
SKU-000865,Product 865,Description for product 865
SKU-000866,Product 866,Description for product 866
SKU-000867,Product 867,Description for product 867
SKU-000868,Product 868,Description for product 868
SKU-000869,Product 869,Description for product 869
SKU-000870,Product 870,Description for product 870
SKU-000871,Product 871,Description for product 871
SKU-000872,Product 872,Description for product 872
SKU-000873,Product 873,Description for product 873
SKU-000874,Product 874,Description for product 874
SKU-000875,Product 875,Description for product 875
SKU-000876,Product 876,Description for product 876
SKU-000877,Product 877,Description for product 877
SKU-000878,Product 878,Description for product 878
SKU-000879,Product 879,Description for product 879
SKU-000880,Product 880,Description for product 880
SKU-000881,Product 881,Description for product 881
SKU-000882,Product 882,Description for product 882
SKU-000883,Product 883,Description for product 883
SKU-000884,Product 884,Description for product 884
SKU-000885,Product 885,Description for product 885
SKU-000886,Product 886,Description for product 886
SKU-000887,Product 887,Description for product 887
SKU-000888,Product 888,Description for product 888
SKU-000889,Product 889,Description for product 889
SKU-000890,Product 890,Description for product 890
SKU-000891,Product 891,Description for product 891
SKU-000892,Product 892,Description for product 892
SKU-000893,Product 893,Description for product 893
SKU-000894,Product 894,Description for product 894
SKU-000895,Product 895,Description for product 895
SKU-000896,Product 896,Description for product 896
SKU-000897,Product 897,Description for product 897
SKU-000898,Product 898,Description for product 898
SKU-000899,Product 899,Description for product 899
SKU-000900,Product 900,Description for product 900
SKU-000901,Product 901,Description for product 901
SKU-000902,Product 902,Description for product 902
SKU-000903,Product 903,Description for product 903
SKU-000904,Product 904,Description for product 904
SKU-000905,Product 905,Description for product 905
SKU-000906,Product 906,Description for product 906
SKU-000907,Product 907,Description for product 907
SKU-000908,Product 908,Description for product 908
SKU-000909,Product 909,Description for product 909
SKU-000910,Product 910,Description for product 910
SKU-000911,Product 911,Description for product 911
SKU-000912,Product 912,Description for product 912
SKU-000913,Product 913,Description for product 913
SKU-000914,Product 914,Description for product 914
SKU-000915,Product 915,Description for product 915
SKU-000916,Product 916,Description for product 916
SKU-000917,Product 917,Description for product 917
SKU-000918,Product 918,Description for product 918
SKU-000919,Product 919,Description for product 919
SKU-000920,Product 920,Description for product 920
SKU-000921,Product 921,Description for product 921
SKU-000922,Product 922,Description for product 922
SKU-000923,Product 923,Description for product 923
SKU-000924,Product 924,Description for product 924
SKU-000925,Product 925,Description for product 925
SKU-000926,Product 926,Description for product 926
SKU-000927,Product 927,Description for product 927
SKU-000928,Product 928,Description for product 928
SKU-000929,Product 929,Description for product 929
SKU-000930,Product 930,Description for product 930
SKU-000931,Product 931,Description for product 931
SKU-000932,Product 932,Description for product 932
SKU-000933,Product 933,Description for product 933
SKU-000934,Product 934,Description for product 934
SKU-000935,Product 935,Description for product 935
SKU-000936,Product 936,Description for product 936
SKU-000937,Product 937,Description for product 937
SKU-000938,Product 938,Description for product 938
SKU-000939,Product 939,Description for product 939
SKU-000940,Product 940,Description for product 940
SKU-000941,Product 941,Description for product 941
SKU-000942,Product 942,Description for product 942
SKU-000943,Product 943,Description for product 943
SKU-000944,Product 944,Description for product 944
SKU-000945,Product 945,Description for product 945
SKU-000946,Product 946,Description for product 946
SKU-000947,Product 947,Description for product 947
SKU-000948,Product 948,Description for product 948
SKU-000949,Product 949,Description for product 949
SKU-000950,Product 950,Description for product 950
SKU-000951,Product 951,Description for product 951
SKU-000952,Product 952,Description for product 952
SKU-000953,Product 953,Description for product 953
SKU-000954,Product 954,Description for product 954
SKU-000955,Product 955,Description for product 955
SKU-000956,Product 956,Description for product 956
SKU-000957,Product 957,Description for product 957
SKU-000958,Product 958,Description for product 958
SKU-000959,Product 959,Description for product 959
SKU-000960,Product 960,Description for product 960
SKU-000961,Product 961,Description for product 961
SKU-000962,Product 962,Description for product 962
SKU-000963,Product 963,Description for product 963
SKU-000964,Product 964,Description for product 964
SKU-000965,Product 965,Description for product 965
SKU-000966,Product 966,Description for product 966
SKU-000967,Product 967,Description for product 967
SKU-000968,Product 968,Description for product 968
SKU-000969,Product 969,Description for product 969
SKU-000970,Product 970,Description for product 970
SKU-000971,Product 971,Description for product 971
SKU-000972,Product 972,Description for product 972
SKU-000973,Product 973,Description for product 973
SKU-000974,Product 974,Description for product 974
SKU-000975,Product 975,Description for product 975
SKU-000976,Product 976,Description for product 976
SKU-000977,Product 977,Description for product 977
SKU-000978,Product 978,Description for product 978
SKU-000979,Product 979,Description for product 979
SKU-000980,Product 980,Description for product 980
SKU-000981,Product 981,Description for product 981
SKU-000982,Product 982,Description for product 982
SKU-000983,Product 983,Description for product 983
SKU-000984,Product 984,Description for product 984
SKU-000985,Product 985,Description for product 985
SKU-000986,Product 986,Description for product 986
SKU-000987,Product 987,Description for product 987
SKU-000988,Product 988,Description for product 988
SKU-000989,Product 989,Description for product 989
SKU-000990,Product 990,Description for product 990
SKU-000991,Product 991,Description for product 991
SKU-000992,Product 992,Description for product 992
SKU-000993,Product 993,Description for product 993
SKU-000994,Product 994,Description for product 994
SKU-000995,Product 995,Description for product 995
SKU-000996,Product 996,Description for product 996
SKU-000997,Product 997,Description for product 997
SKU-000998,Product 998,Description for product 998
SKU-000999,Product 999,Description for product 999
